firstName,lastName
Piotr,Pierzak
Maciej,Faruga
Patryk,Andrejczuk
Dorota,Zawartka
Malwina,Golenia
Marcelina,Jop
Jędrzej,Masiak
Natan,Jaremko
Natan,Noras
Kajetan,Perlik
Tymoteusz,Husak
Iwo,Mleczak
Arkadiusz,Lipowicz
Urszula,Rosłoń
Aleksander,Budkiewicz
Tobiasz,Kułach
Tomasz,Szajner
Marcelina,Piekara
Robert,Kosiec
Marcin,Półchłopek
Anastazja,Bielat
Alex,Młodzik
Marika,Pela
Melania,Greszta
Apolonia,Szymajda
Oliwier,Sapała
Jędrzej,Smorąg
Aniela,Ulrych
Maksymilian,Bartel
Olgierd,Gęsiarz
Klara,Sadlik
Kaja,Demiańczuk
Grzegorz,Dyka
Alan,Staręga
Olaf,Chwedoruk
Rozalia,Kazior
Gustaw,Krata
Kazimierz,Pawełko
Ada,Dzienniak
Roksana,Pęksa
Andrzej,Oszust
Julita,Strama
Apolonia,Puch
Emil,Freitag
Krystyna,Matulka
Karol,Sadoch
Nicole,Drop
Adrianna,Kuder
Mateusz,Pilipczuk
Igor,Doroba
Daniel,Koćwin
Angelika,Chyb
Kalina,Franiak
Oliwier,Baka
Tomasz,Ziarnik
Jeremi,Salwin
Dorota,Kruś
Piotr,Gramza
Jerzy,Celuch
Anita,Miszkiewicz
Kornelia,Klaja
Dariusz,Grab
Dorota,Dziuban
Aleks,Nalazek
Mieszko,Gęsiarz
Wiktor,Machowiak
Marcelina,Nowotnik
Damian,Dykas
Dariusz,Szabla
Jędrzej,Kliszcz
Ernest,Sawko
Tymon,Karalus
Kamil,Roszkiewicz
Radosław,Twardzik
Eryk,Parada
Olaf,Nitkiewicz
Michał,Owsiak
Emil,Ludwin
Juliusz,Bieszke
Kamila,Hulbój
Artur,Płaneta
Angelika,Smagacz
Stanisław,Majtyka
Sara,Mętel
Tomasz,Buszta
Krystian,Latuszek
Dagmara,Putek
Julita,Wąsek
Kacper,Wiencek
Melania,Początek
Piotr,Księżyk
Julianna,Dzika
Rafał,Frydel
Sonia,Duszkiewicz
Adrian,Labocha
Tomasz,Glaza
Grzegorz,Pyc
Alex,Jaroszuk
Robert,Kudlak
Juliusz,Czuj
